NNlimited,GBTlimited,NN,GBT
0.0001448585824127,0.0001802227725481,1.3482102587492792e-05,1.6135591591757587e-05
