NNlimited,GBTlimited,NN,GBT
0.0001448585824127,0.0001802227725481,0.0001990288902070732,0.000182184107806
